SET FOREIGN_KEY_CHECKS=0;
SET SQL_MODE = "NO_AUTO_VALUE_ON_ZERO";
START TRANSACTION;

/*!40101 SET @OLD_CHARACTER_SET_CLIENT=@@CHARACTER_SET_CLIENT */;
/*!40101 SET @OLD_CHARACTER_SET_RESULTS=@@CHARACTER_SET_RESULTS */;
/*!40101 SET @OLD_COLLATION_CONNECTION=@@COLLATION_CONNECTION */;
/*!40101 SET NAMES utf8mb4 */;

UPDATE `settings` SET `value`='2022-08-13T06:00:00Z' WHERE `code` = 'start-time';

INSERT INTO `periods` (`id`, `title`, `next_periods_id`) VALUES
    (1, '1. Season', 2),
    (2, '2. Season', 3),
    (3, '3. Season', 4),
    (4, '4. Season', 5),
    (5, '5. Season', 6),
    (6, '6. Season', NULL),
    (99, '0. Season', NULL);

-- First season score target values
INSERT INTO `score_type2period` (`period_id`, `score_type_id`, `target`, `currentTotal`, `overflow`, `event`) VALUES
    ('1', '2', '60', '0', '0', '0'),
    ('1', '3', '60', '0', '0', '0'),
    ('1', '4', '60', '0', '0', '0');


-- 6 Iron, 6 Wood, 7 Food (1 Honey, 2 Tomatoes, 2 Cucumbers, 1 Raspberry, 1 Mushroom)
INSERT INTO `camps` (`id`, `longitude`, `latitude`, `title`, `display_id`, `resource_id`) VALUES
    -- food
    ( 1, 24.800746, 57.119207, 'Rough Berry'        ,  1, 10),
    ( 4, 24.796952, 57.122114, 'Squishy Red Umami'  ,  4, 7),
    ( 7, 24.798864, 57.123663, 'Savory Cherries'    ,  7, 7),
    (10, 24.788987, 57.123177, 'Yeasty Fungi'       , 10, 9),
    (13, 24.793736, 57.117015, 'The Green Water'    , 13, 8),
    (16, 24.792901, 57.119042, 'Baby Pickles'       , 16, 8),
    (19, 24.797195, 57.119190, 'Soap Flavour'       , 19, 6),
    (22, 24.794039, 57.120129, 'Essential Oil'      , 22, 6),
    (25, 24.793781, 57.123004, 'Violet Spice'       , 25, 6),
    -- iron
    ( 2, 24.798470, 57.117897, 'Ingot Foundation'   ,  2, 3),
    ( 5, 24.798879, 57.118918, 'Steel of a Legend'  ,  5, 3),
    ( 8, 24.788698, 57.119149, 'Adamantium Well'    ,  8, 3),
    (11, 24.796027, 57.120467, 'Steal the Steel'    , 11, 3),
    (14, 24.792234, 57.121307, 'Lost Ingot'         , 14, 3),
    (17, 24.793114, 57.124264, 'Iron Will'          , 17, 3),
    -- wood
    ( 3, 24.792947, 57.118012, 'Pine Line'          ,  3, 1),
    ( 6, 24.791323, 57.119413, 'Birch Song'         ,  6, 1),
    ( 9, 24.799896, 57.122831, 'Oakloan'            ,  9, 1),
    (12, 24.792082, 57.122427, 'Maple Stirrup'      , 12, 1),
    (15, 24.794282, 57.124635, 'Bamboozal'          , 15, 1);

INSERT INTO `expansions` (`show_code`, `reward_code`, `camp_id`) VALUES
    ('MASHES'   , 'PERCENT'  , '1'),
    ('TESTATE'  , 'FASHION'  , '1'),
    ('HOTSHOT'  , 'THEATER'  , '1'),
    ('SHOTS'    , 'TREASURE' , '1'),
    ('HOOHAS'   , 'DILEMMA'  , '2'),
    ('OSTEOMATA', 'CONTROL'  , '2'),
    ('STEMMATA' , 'EYEBROW'  , '2'),
    ('HAMTOE'   , 'CHERRY'   , '2'),
    ('STEMMA'   , 'SURFACE'  , '3'),
    ('SMOOTHE'  , 'TRAGEDY'  , '3'),
    ('HEATHS'   , 'ADVISER'  , '3'),
    ('MOSTHOE'  , 'PECKISH'  , '3'),
    ('TATTOO'   , 'REVENGE'  , '4'),
    ('MESHES'   , 'COLLEGE'  , '4'),
    ('HEMOSTATS', 'PUDDING'  , '4'),
    ('METHOSE'  , 'PLATIPUS' , '4'),
    ('TESTATES' , 'SUPPORT'  , '5'),
    ('TOMATOE'  , 'CERTAIN'  , '5'),
    ('SHAMES'   , 'SECTION'  , '5'),
    ('ATMOST'   , 'SPECIAL'  , '5'),
    ('HOTSEAT'  , 'GLACIER'  , '6'),
    ('HOTSHOE'  , 'RELEASE'  , '6'),
    ('SHEATH'   , 'FEATHER'  , '6'),
    ('OMAMA'    , 'STATUE'   , '6'),
    ('ASTHMA'   , 'WRESTLE'  , '7'),
    ('ESTATES'  , 'HOLIDAY'  , '7'),
    ('ETHOSES'  , 'SCRATCH'  , '7'),
    ('ATHOME'   , 'MIRROR'   , '7'),
    ('MOTTES'   , 'DESPAIR'  , '8'),
    ('HAMATES'  , 'COMPACT'  , '8'),
    ('SOOTHES'  , 'SPEAKER'  , '8'),
    ('EATSOME'  , 'PIZZA'    , '8'),
    ('MAESTOSO' , 'DICTATE'  , '9'),
    ('STEATOMAS', 'DIAMOND'  , '9'),
    ('SMOOTH'   , 'VARIANT'  , '9'),
    ('MOSTHEAT' , 'PORCELAIN', '9'),
    ('MOTMOTS'  , 'SOCIETY'  , '10'),
    ('STOMATA'  , 'EXPLOIT'  , '10'),
    ('HOMMOS'   , 'SPEAKER'  , '10'),
    ('SHAMOS'   , 'WINDOW'   , '10'),
    ('OSMOSE'   , 'MORNING'  , '11'),
    ('MESOSOME' , 'DEFICIT'  , '11'),
    ('TSAMMAS'  , 'MONARCH'  , '11'),
    ('HOTMEAT'  , 'SCREEN'   , '11'),
    ('SEAMATE'  , 'MINIMUM'  , '12'),
    ('HEMOSTAT' , 'ENHANCE'  , '12'),
    ('TOMATOES' , 'TRAINER'  , '12'),
    ('HOSTSHOE' , 'PURIFY'   , '12'),
    ('TATTOOS'  , 'PERSIST'  , '13'),
    ('TEASETS'  , 'OPINION'  , '13'),
    ('EMOTES'   , 'REALITY'  , '13'),
    ('MOSEES'   , 'TARNISH'  , '13'),
    ('SMOOSH'   , 'BARGAIN'  , '14'),
    ('HOMEOSES' , 'WARRANT'  , '14'),
    ('HOTSHOTS' , 'INCLUDE'  , '14'),
    ('SOSTOST'  , 'PATHING'  , '14'),
    ('TOESHOE'  , 'HABITAT'  , '15'),
    ('HEMATOMA' , 'SOLDIER'  , '15'),
    ('SMOOTHEST', 'SWEATER'  , '15'),
    ('HOMIES'   , 'SWEET'    , '15'),
    ('SHEATHES' , 'LECTURE'  , '16'),
    ('MOTTOES'  , 'STADIUM'  , '16'),
    ('TEAMMATE' , 'SYMPTOM'  , '16'),
    ('SHOEHAT'  , 'PANIC'    , '16'),
    ('MATSAHS'  , 'CLARITY'  , '17'),
    ('HASHES'   , 'CHARITY'  , '17'),
    ('MOSTEST'  , 'FORMULA'  , '17'),
    ('THEHAT'   , 'SHOWER'   , '17'),
    ('MAMEES'   , 'HOSTILE'  , '19'),
    ('SHEATHE'  , 'MESSAGE'  , '19'),
    ('THEMES'   , 'CONTENT'  , '19'),
    ('THEMOST'  , 'STABLE'   , '19'),
    ('OSTEOMA'  , 'EXPLOIT'  , '22'),
    ('SHAMMASH' , 'SAUSAGE'  , '22'),
    ('SOMATA'   , 'PEASANT'  , '22'),
    ('THEMESH'  , 'NETWORK'  , '22'),
    ('HATTEAM'  , 'EXPOSE'   , '25'),
    ('TOEHOME'  , 'BUTTER'   , '25'),
    ('MESHHOST' , 'FRIDGE'   , '25'),
    ('SOMESOE'  , 'BRIDGE'   , '25');


INSERT INTO `castles` (`id`, `longitude`, `latitude`, `title`) VALUES
    ('1', 24.795906, 57.117856, 'South-East'),
    ('2', 24.791354, 57.117930, 'South-West'),
    ('3', 24.790580, 57.121159, 'West'      ),
    ('4', 24.798819, 57.121043, 'East'      ),
    ('5', 24.791020, 57.123753, 'North-West'),
    ('6', 24.796514, 57.124200, 'North-East');

INSERT INTO `teams` (`id`, `title`, `color`, `flag_status_id`, `available_eq`) VALUES
    ('1', 'Snakes'    , 'green' , 3, 3),
    ('2', 'Raccoons'  , 'red'   , 3, 3),
    ('3', 'Mosquitoes', 'orange', 3, 3),
    ('4', 'Bears'     , 'purple', 3, 3),
    ('5', 'Lynx'      , 'gold'  , 3, 3),
    ('6', 'Wolves'    , 'blue'  , 3, 3);

INSERT INTO `workshops` (`team_id`, `kit_type_id`, `type_id`, `exist`, `is_active`) VALUES
    ('1', '1', '1', '1', '0'),
    ('1', '2', '4', '1', '0'),
    ('1', '3', '7', '1', '0'),
    ('2', '1', '1', '1', '0'),
    ('2', '2', '4', '1', '0'),
    ('2', '3', '7', '1', '0'),
    ('3', '1', '1', '1', '0'),
    ('3', '2', '4', '1', '0'),
    ('3', '3', '7', '1', '0'),
    ('4', '1', '1', '1', '0'),
    ('4', '2', '4', '1', '0'),
    ('4', '3', '7', '1', '0'),
    ('5', '1', '1', '1', '0'),
    ('5', '2', '4', '1', '0'),
    ('5', '3', '7', '1', '0'),
    ('6', '1', '1', '1', '0'),
    ('6', '2', '4', '1', '0'),
    ('6', '3', '7', '1', '0');

INSERT INTO `workshop_kit` (`id`, `type_id`, `team_id`, `workshop_id`) VALUES
    (1, 1, 1, 1),
    (2, 2, 1, 2),
    (3, 3, 1, 3),
    (4, 1, 2, 4),
    (5, 2, 2, 5),
    (6, 3, 2, 6),
    (7, 1, 3, 7),
    (8, 2, 3, 8),
    (9, 3, 3, 9),
    (10, 1, 4, 10),
    (11, 2, 4, 11),
    (12, 3, 4, 12),
    (13, 1, 5, 13),
    (14, 2, 5, 14),
    (15, 3, 5, 15),
    (16, 1, 6, 16),
    (17, 2, 6, 17),
    (18, 3, 6, 18),
    (19, 1, NULL, NULL),
    (20, 2, NULL, NULL),
    (21, 3, NULL, NULL);

INSERT INTO `resource_total` (`team_id`, `resource_type_id`, `total_amount`, `available_amount`, `locked_amount`, `spent_amount`) VALUES
    (1, 1, 6, 6, 0, 0),
    (1, 2, 6, 6, 0, 0),
    (1, 3, 6, 6, 0, 0),
    (1, 4, 6, 6, 0, 0),
    (1, 5, 6, 6, 0, 0),
    (1, 6, 0, 0, 0, 0),
    (1, 7, 0, 0, 0, 0),
    (1, 8, 0, 0, 0, 0),
    (1, 9, 0, 0, 0, 0),
    (1, 10, 0, 0, 0, 0),
    (2, 1, 6, 6, 0, 0),
    (2, 2, 6, 6, 0, 0),
    (2, 3, 6, 6, 0, 0),
    (2, 4, 6, 6, 0, 0),
    (2, 5, 6, 6, 0, 0),
    (2, 6, 0, 0, 0, 0),
    (2, 7, 0, 0, 0, 0),
    (2, 8, 0, 0, 0, 0),
    (2, 9, 0, 0, 0, 0),
    (2, 10, 0, 0, 0, 0),
    (3, 1, 6, 6, 0, 0),
    (3, 2, 6, 6, 0, 0),
    (3, 3, 6, 6, 0, 0),
    (3, 4, 6, 6, 0, 0),
    (3, 5, 6, 6, 0, 0),
    (3, 6, 0, 0, 0, 0),
    (3, 7, 0, 0, 0, 0),
    (3, 8, 0, 0, 0, 0),
    (3, 9, 0, 0, 0, 0),
    (3, 10, 0, 0, 0, 0),
    (4, 1, 6, 6, 0, 0),
    (4, 2, 6, 6, 0, 0),
    (4, 3, 6, 6, 0, 0),
    (4, 4, 6, 6, 0, 0),
    (4, 5, 6, 6, 0, 0),
    (4, 6, 0, 0, 0, 0),
    (4, 7, 0, 0, 0, 0),
    (4, 8, 0, 0, 0, 0),
    (4, 9, 0, 0, 0, 0),
    (4, 10, 0, 0, 0, 0),
    (5, 1, 6, 6, 0, 0),
    (5, 2, 6, 6, 0, 0),
    (5, 3, 6, 6, 0, 0),
    (5, 4, 6, 6, 0, 0),
    (5, 5, 6, 6, 0, 0),
    (5, 6, 0, 0, 0, 0),
    (5, 7, 0, 0, 0, 0),
    (5, 8, 0, 0, 0, 0),
    (5, 9, 0, 0, 0, 0),
    (5, 10, 0, 0, 0, 0),
    (6, 1, 6, 6, 0, 0),
    (6, 2, 6, 6, 0, 0),
    (6, 3, 6, 6, 0, 0),
    (6, 4, 6, 6, 0, 0),
    (6, 5, 6, 6, 0, 0),
    (6, 6, 0, 0, 0, 0),
    (6, 7, 0, 0, 0, 0),
    (6, 8, 0, 0, 0, 0),
    (6, 9, 0, 0, 0, 0),
    (6, 10, 0, 0, 0, 0);

INSERT INTO `recipe` (`id`, `title`, `created_first_id`, `score_reason_id`) VALUES
    ( 1, NULL, NULL, 31),
    ( 2, NULL, NULL, 31),
    ( 3, NULL, NULL, 31),
    ( 4, NULL, NULL, 31),
    ( 5, NULL, NULL, 31),
    ( 6, NULL, NULL, 31),
    ( 7, NULL, NULL, 31),
    ( 8, NULL, NULL, 31),
    ( 9, NULL, NULL, 31),
    (10, NULL, NULL, 31),
    (11, NULL, NULL, 31),
    (12, NULL, NULL, 31),
    (13, NULL, NULL, 31),
    (14, NULL, NULL, 31),
    (15, NULL, NULL, 31),
    (16, NULL, NULL, 31),
    (17, NULL, NULL, 31),
    (18, NULL, NULL, 31),
    (19, NULL, NULL, 31),
    (20, NULL, NULL, 31),
    (21, NULL, NULL, 32),
    (22, NULL, NULL, 32),
    (23, NULL, NULL, 32),
    (24, NULL, NULL, 32),
    (25, NULL, NULL, 32),
    (26, NULL, NULL, 32),
    (27, NULL, NULL, 32),
    (28, NULL, NULL, 32),
    (29, NULL, NULL, 32),
    (30, NULL, NULL, 32),
    (31, NULL, NULL, 32),
    (32, NULL, NULL, 32),
    (33, NULL, NULL, 32),
    (34, NULL, NULL, 32),
    (35, NULL, NULL, 32),
    (36, NULL, NULL, 33),
    (37, NULL, NULL, 33),
    (38, NULL, NULL, 33),
    (39, NULL, NULL, 33),
    (40, NULL, NULL, 33),
    (41, NULL, NULL, 33),
    (42, NULL, NULL, 34);

-- 15 + 6 + 1
INSERT INTO `recipe2resource` (`recipe_id`, `resource_id`) VALUES
    ( 1, 5), ( 1, 6), ( 1, 7),
    ( 2, 5), ( 2, 6),          ( 2, 8),
    ( 3, 5), ( 3, 6),                   ( 3, 9),
    ( 4, 5), ( 4, 6),                            ( 4, 10),
    ( 5, 5),          ( 5, 7), ( 5, 8),
    ( 6, 5),          ( 6, 7),          ( 6, 9),
    ( 7, 5),          ( 7, 7),                   ( 7, 10),
    ( 8, 5),                   ( 8, 8), ( 8, 9),
    ( 9, 5),                   ( 9, 8),          ( 9, 10),
    (10, 5),                            (10, 9), (10, 10),
             (11, 6), (11, 7), (11, 8),
             (12, 6), (12, 7),          (12, 9),
             (13, 6), (13, 7),                   (13, 10),
             (14, 6),          (14, 8), (14, 9),
             (15, 6),          (15, 8),          (15, 10),
             (16, 6),                   (16, 9), (16, 10),
                      (17, 7), (17, 8), (17, 9),
                      (18, 7), (18, 8),          (18, 10),
                      (19, 7),          (19, 9), (19, 10),
                               (20, 8), (20, 9), (20, 10),
    (21, 5), (21, 6), (21, 7), (21, 8),
    (22, 5), (22, 6), (22, 7),          (22, 9),
    (23, 5), (23, 6), (23, 7),                   (23, 10),
    (24, 5), (24, 6),          (24, 8), (24, 9),
    (25, 5), (25, 6),          (25, 8),          (25, 10),
    (26, 5), (26, 6),                   (26, 9), (26, 10),
    (27, 5),          (27, 7), (27, 8), (27, 9),
    (28, 5),          (28, 7), (28, 8),          (28, 10),
    (29, 5),          (29, 7),          (29, 9), (29, 10),
    (30, 5),                   (30, 8), (30, 9), (30, 10),
             (31, 6), (31, 7), (31, 8), (31, 9),
             (32, 6), (32, 7), (32, 8),          (32, 10),
             (33, 6), (33, 7),          (33, 9), (33, 10),
             (34, 6),          (34, 8), (34, 9), (34, 10),
                      (35, 7), (35, 8), (35, 9), (35, 10),
    (36, 5), (36, 6), (36, 7), (36, 8), (36, 9),
    (37, 5), (37, 6), (37, 7), (37, 8),          (37, 10),
    (38, 5), (38, 6), (38, 7),          (38, 9), (38, 10),
    (39, 5), (39, 6),          (39, 8), (39, 9), (39, 10),
    (40, 5),          (40, 7), (40, 8), (40, 9), (40, 10),
             (41, 6), (41, 7), (41, 8), (41, 9), (41, 10),
    (42, 5), (42, 6), (42, 7), (42, 8), (42, 9), (42, 10);


INSERT INTO `feast_token` (`id`, `created`, `team_id`, `is_used`, `used_at`, `size`, `period_id`) VALUES
    (NULL, 1, '1', '0', NULL, '3', 1),
    (NULL, 1, '2', '0', NULL, '3', 1),
    (NULL, 1, '3', '0', NULL, '3', 1),
    (NULL, 1, '4', '0', NULL, '3', 1),
    (NULL, 1, '5', '0', NULL, '3', 1),
    (NULL, 1, '6', '0', NULL, '3', 1);

-- Admins --
INSERT INTO `users` (`name`, `display_name`, `team_id`, `created`, `is_admin`, `equipment_points`, `auth_token`, `sex`) VALUES
    ('Rota Kalniņa'             , 'Rota'       , NULL, CURRENT_TIMESTAMP, '1', '0', '', 'female'),
    ('Kalvis Kalniņš'           , 'Kalvis K'   , NULL, CURRENT_TIMESTAMP, '1', '0', '', 'male'),
    ('Nikolay NotAmiga'         , 'Nikolay'    , NULL, CURRENT_TIMESTAMP, '1', '0', '', 'male'),
    ('Andrievs Auziņš'          , 'Andrievs'   , NULL, CURRENT_TIMESTAMP, '1', '0', '', 'male'),
    ('Elon Tatsu'               , 'Elon'       , NULL, CURRENT_TIMESTAMP, '1', '0', '', 'male'),
    ('Testa Lietotājs'          , 'Test'       , NULL, CURRENT_TIMESTAMP, '1', '0', '', 'male');
-- Snakes
INSERT INTO `users` (`name`, `display_name`, `team_id`, `created`, `is_admin`, `equipment_points`, `auth_token`, `sex`) VALUES
    ('Dalius Gaizutis'             , 'Dalius'    , '1', CURRENT_TIMESTAMP, '0', '0', '', 'male'  ),
    ('Deividas Bukauskas'          , 'Deividas'  , '1', CURRENT_TIMESTAMP, '0', '0', '', 'male'  ),
    ('Ieva Kaziliūnaitė'           , 'Ieva'      , '1', CURRENT_TIMESTAMP, '0', '0', '', 'female'),
    ('Linas Sironas'               , 'Linas'     , '1', CURRENT_TIMESTAMP, '0', '0', '', 'male'  ),
    ('Liutauras Siauciunas'        , 'Liutauras' , '1', CURRENT_TIMESTAMP, '0', '0', '', 'male'  ),
    ('Manvydas ShadowSong Pranskus', 'Manvydas'  , '1', CURRENT_TIMESTAMP, '0', '0', '', 'male'  ),
    ('Martinas Kaminskas'          , 'Martinas'  , '1', CURRENT_TIMESTAMP, '0', '0', '', 'male'  ),
    ('Matas Strimaitis'            , 'Matas'     , '1', CURRENT_TIMESTAMP, '0', '0', '', 'male'  ),
    ('Narvois Valdemar'            , 'Narvois'   , '1', CURRENT_TIMESTAMP, '0', '0', '', 'male'  ),
    ('Okata Mėnulio Audra'         , 'Okata'     , '1', CURRENT_TIMESTAMP, '0', '0', '', 'female'),
    ('Saule Kaziliunaite'          , 'Saule'     , '1', CURRENT_TIMESTAMP, '0', '0', '', 'female'),
    ('Vaidas Zenovicius'           , 'Vaidas'    , '1', CURRENT_TIMESTAMP, '0', '0', '', 'male'  );
-- Racoons
INSERT INTO `users` (`name`, `display_name`, `team_id`, `created`, `is_admin`, `equipment_points`, `auth_token`, `sex`) VALUES
    ('Arina Solovjova'             , 'Arina'     , '2', CURRENT_TIMESTAMP, '0', '0', '', 'female'),
    ('Emils Kalderauskis'          , 'Emils'     , '2', CURRENT_TIMESTAMP, '0', '0', '', 'male'  ),
    ('Ēriks Zalmanis'              , 'Ēriks'     , '2', CURRENT_TIMESTAMP, '0', '0', '', 'male'  ),
    ('Evija Fokrote'               , 'Evija'     , '2', CURRENT_TIMESTAMP, '0', '0', '', 'female'),
    ('Kristofers Volkovs'          , 'Kristofers', '2', CURRENT_TIMESTAMP, '0', '0', '', 'male'  ),
    ('Roberts Ivanovs'             , 'Roberts'   , '2', CURRENT_TIMESTAMP, '0', '0', '', 'male'  ),
    ('Sindra Evija'                , 'Sindra'    , '2', CURRENT_TIMESTAMP, '0', '0', '', 'female');
-- Mosquitoes
INSERT INTO `users` (`name`, `display_name`, `team_id`, `created`, `is_admin`, `equipment_points`, `auth_token`, `sex`) VALUES
    ('Artūrs Žukovs'               , 'Artūrs'    , '3', CURRENT_TIMESTAMP, '0', '0', '', 'male'  ),
    ('Eduards Edis Dobičinaitis'   , 'Eduards'   , '3', CURRENT_TIMESTAMP, '0', '0', '', 'male'  ),
    ('Gunārs Kubarko'              , 'Gunārs'    , '3', CURRENT_TIMESTAMP, '0', '0', '', 'male'  ),
    ('Ligita Elste'                , 'Ligita'    , '3', CURRENT_TIMESTAMP, '0', '0', '', 'female'),
    ('Marina Timošenko'            , 'Marina'    , '3', CURRENT_TIMESTAMP, '0', '0', '', 'female'),
    ('Viktoria Larionova'          , 'Viktoria'  , '3', CURRENT_TIMESTAMP, '0', '0', '', 'female'),
    ('Vladimirs Larionovs'         , 'Vladimirs' , '3', CURRENT_TIMESTAMP, '0', '0', '', 'male'  ),
    ('Linards Brasliņš'            , 'Linards'   , '3', CURRENT_TIMESTAMP, '0', '0', '', 'male'  );
-- Bears
INSERT INTO `users` (`name`, `display_name`, `team_id`, `created`, `is_admin`, `equipment_points`, `auth_token`, `sex`) VALUES
    ('Ance Zveja'                  , 'Ance'      , '4', CURRENT_TIMESTAMP, '0', '0', '', 'female'),
    ('Anna Pētersone'              , 'Anna'      , '4', CURRENT_TIMESTAMP, '0', '0', '', 'female'),
    ('Emily Plorina'               , 'Emily'     , '4', CURRENT_TIMESTAMP, '0', '0', '', 'female'),
    ('Kitija Luzina'               , 'Kitija'    , '4', CURRENT_TIMESTAMP, '0', '0', '', 'female'),
    ('Peteris Ronis'               , 'Peteris'   , '4', CURRENT_TIMESTAMP, '0', '0', '', 'male'  ),
    ('Toms Deimonds Barvidis'      , 'Toms'      , '4', CURRENT_TIMESTAMP, '0', '0', '', 'male'  ),
    ('Valts Liepiņš'               , 'Valts'     , '4', CURRENT_TIMESTAMP, '0', '0', '', 'male'  ),
    ('Liene Millere'               , 'Liene'     , '4', CURRENT_TIMESTAMP, '0', '0', '', 'female'),
    ('Vitalijs Belihs'             , 'Vitalijs'  , '4', CURRENT_TIMESTAMP, '0', '0', '', 'male'  );
-- Lynx
INSERT INTO `users` (`name`, `display_name`, `team_id`, `created`, `is_admin`, `equipment_points`, `auth_token`, `sex`) VALUES
    ('Anrijs Dovbņa'               , 'Anrijs'    , '5', CURRENT_TIMESTAMP, '0', '0', '', 'male'  ),
    ('Alise Frīdmane'              , 'Alise'     , '5', CURRENT_TIMESTAMP, '0', '0', '', 'female'),
    ('Artis Galvanovskis'          , 'Artis'     , '5', CURRENT_TIMESTAMP, '0', '0', '', 'male'  ),
    ('Ernests Auzins'              , 'Ernests'   , '5', CURRENT_TIMESTAMP, '0', '0', '', 'male'  ),
    ('Ieva Ulme'                   , 'Ieva'      , '5', CURRENT_TIMESTAMP, '0', '0', '', 'female'),
    ('Jānis Plūme'                 , 'Jānis'     , '5', CURRENT_TIMESTAMP, '0', '0', '', 'male'  ),
    ('Jēkabs Fridmanis'            , 'Jēkabs'    , '5', CURRENT_TIMESTAMP, '0', '0', '', 'male'  ),
    ('Māris Ozolājs'               , 'Māris'     , '5', CURRENT_TIMESTAMP, '0', '0', '', 'male'  ),
    ('Oskars Sjomkāns'             , 'Oskars'    , '5', CURRENT_TIMESTAMP, '0', '0', '', 'male'  ),
    ('Mārtiņš Briedis'             , 'Mārtiņš'   , '5', CURRENT_TIMESTAMP, '0', '0', '', 'male'  ),
    ('Ričards Vīdners'             , 'Ričards'   , '5', CURRENT_TIMESTAMP, '0', '0', '', 'male'  ),
    ('Reinis Sevelis'              , 'Reinis'    , '5', CURRENT_TIMESTAMP, '0', '0', '', 'male'  ),
    ('Alfrēds Auziņš'              , 'Alfrēds'   , '5', CURRENT_TIMESTAMP, '0', '0', '', 'male'  );
-- Wolf
INSERT INTO `users` (`name`, `display_name`, `team_id`, `created`, `is_admin`, `equipment_points`, `auth_token`, `sex`) VALUES
    ('Marita Vītola'               , 'Marita'    , '6', CURRENT_TIMESTAMP, '0', '0', '', 'female'),
    ('Andra Nora Davidone'         , 'Andra'     , '6', CURRENT_TIMESTAMP, '0', '0', '', 'female'),
    ('Andrejs Klavins'             , 'Andrejs'   , '6', CURRENT_TIMESTAMP, '0', '0', '', 'male'  ),
    ('Klāvs Dzelzs-Vaivars'        , 'Klāvs'     , '6', CURRENT_TIMESTAMP, '0', '0', '', 'male'  ),
    ('Luīze Stabiņģe'              , 'Luīze'     , '6', CURRENT_TIMESTAMP, '0', '0', '', 'female'),
    ('Jānis Znotiņš'               , 'Jānis'     , '6', CURRENT_TIMESTAMP, '0', '0', '', 'male'  ),
    ('Juris Frišenbrūders'         , 'Juris'     , '6', CURRENT_TIMESTAMP, '0', '0', '', 'male'  ),
    ('Kristaps Baumanis'           , 'Kristaps'  , '6', CURRENT_TIMESTAMP, '0', '0', '', 'male'  ),
    ('Kristaps Krūtainis'          , 'Kristaps'  , '6', CURRENT_TIMESTAMP, '0', '0', '', 'male'  ),
    ('Kaspars Avotins'             , 'Kaspars'   , '6', CURRENT_TIMESTAMP, '0', '0', '', 'male'  ),
    ('Sandra Ose'                  , 'Sandra'    , '6', CURRENT_TIMESTAMP, '0', '0', '', 'female'),
    ('Ansis Kļaviņš'               , 'Ansis'     , '6', CURRENT_TIMESTAMP, '0', '0', '', 'male'  ),
    ('Reinis Jānis Kozuliņš'       , 'Reinis'    , '6', CURRENT_TIMESTAMP, '0', '0', '', 'male'  ),
    ('Ance Dvēselīte'              , 'Ance'      , '6', CURRENT_TIMESTAMP, '0', '0', '', 'female'),
    ('Andris Grindbergs'           , 'Andris'    , '6', CURRENT_TIMESTAMP, '0', '0', '', 'male'  );

SET FOREIGN_KEY_CHECKS=1;
COMMIT;
